model,method,bits,nominal_bits,model_bits,ppl,ppl_ci_low,ppl_ci_high,n_seeds,source,accounting_status
meta-llama/Llama-3.2-1B,GPTQ-4 g128,4.0,4.0,,10.4306,,,1,baseline,declared_external
meta-llama/Llama-3.2-1B,AWQ-4 g128,4.0,4.0,,11.2632,,,1,baseline,declared_external
meta-llama/Llama-3.2-1B,RTN-4 g128,4.0,4.0,,11.7112,,,1,baseline,declared_external
meta-llama/Llama-3.2-1B,SEQ:residual_max(gptq_llmc-4b k=0.0),4.25,4.0,10.149,10.5572,,,1,sweep,recomputed_from_storage_breakdown
meta-llama/Llama-3.2-1B,SEQ:residual_max(hqq-4b k=0.0),4.5,4.0,10.346,11.0721,,,1,sweep,recomputed_from_storage_breakdown
meta-llama/Llama-3.2-1B,HQQ-4 uniform,4.5,4.0,10.346,11.0721,,,1,baseline,recomputed_from_storage_breakdown
meta-llama/Llama-3.2-1B,SEQ:residual_max(gptq_llmc-4b k=0.02),4.57,4.24,10.401,10.4229,,,1,sweep,recomputed_from_storage_breakdown
meta-llama/Llama-3.2-1B,SEQ:residual_rms(gptq_llmc-4b k=0.02),4.57,4.24,10.401,10.4344,,,1,sweep,recomputed_from_storage_breakdown
meta-llama/Llama-3.2-1B,SEQ:random(gptq_llmc-4b k=0.02),4.57,4.24,10.401,10.5574,10.158,10.9569,3,sweep,recomputed_from_storage_breakdown
meta-llama/Llama-3.2-1B,SEQ:act_max(gptq_llmc-4b k=0.02),4.57,4.24,10.401,10.7112,,,1,sweep,recomputed_from_storage_breakdown
meta-llama/Llama-3.2-1B,SEQ:act_scale(gptq_llmc-4b k=0.02),4.57,4.24,10.401,10.9296,,,1,sweep,recomputed_from_storage_breakdown
meta-llama/Llama-3.2-1B,SEQ:greedy_indep(gptq_llmc-4b k=0.02),4.57,4.24,10.401,11.2751,,,1,sweep,recomputed_from_storage_breakdown
meta-llama/Llama-3.2-1B,SEQ:greedy(gptq_llmc-4b k=0.02),4.57,4.24,10.401,63.9462,,,1,sweep,recomputed_from_storage_breakdown
meta-llama/Llama-3.2-1B,SEQ:tier_alloc(hqq-4b [budget=0.25]),4.757,4.066,8.158,10.6306,,,1,sweep,recomputed_from_storage_breakdown
meta-llama/Llama-3.2-1B,SEQ:greedy(hqq-4b k=0.02),4.82,4.24,10.598,10.3977,,,1,sweep,recomputed_from_storage_breakdown
meta-llama/Llama-3.2-1B,SEQ:greedy_indep(hqq-4b k=0.02),4.82,4.24,10.598,10.4062,,,1,sweep,recomputed_from_storage_breakdown
meta-llama/Llama-3.2-1B,SEQ:residual_max(hqq-4b k=0.02),4.82,4.24,10.598,10.4324,,,1,sweep,recomputed_from_storage_breakdown
meta-llama/Llama-3.2-1B,SEQ:act_max(hqq-4b k=0.02),4.82,4.24,10.598,10.4343,,,1,sweep,recomputed_from_storage_breakdown
meta-llama/Llama-3.2-1B,SEQ:residual_rms(hqq-4b k=0.02),4.82,4.24,10.598,10.5122,,,1,sweep,recomputed_from_storage_breakdown
meta-llama/Llama-3.2-1B,SEQ:act_scale(hqq-4b k=0.02),4.82,4.24,10.598,10.5206,,,1,sweep,recomputed_from_storage_breakdown
meta-llama/Llama-3.2-1B,SEQ:random(hqq-4b k=0.02),4.82,4.24,10.598,11.0515,11.0483,11.0547,3,sweep,recomputed_from_storage_breakdown
meta-llama/Llama-3.2-1B,SEQ:tier_alloc(hqq-4b [budget=0.5]),5.012,4.134,8.414,10.5917,,,1,sweep,recomputed_from_storage_breakdown
meta-llama/Llama-3.2-1B,SEQ:residual_max(gptq_llmc-4b k=0.05),5.054,4.603,10.782,10.4356,,,1,sweep,recomputed_from_storage_breakdown
meta-llama/Llama-3.2-1B,SEQ:residual_rms(gptq_llmc-4b k=0.05),5.054,4.603,10.782,10.4361,,,1,sweep,recomputed_from_storage_breakdown
meta-llama/Llama-3.2-1B,SEQ:act_scale(gptq_llmc-4b k=0.05),5.054,4.603,10.782,10.476,,,1,sweep,recomputed_from_storage_breakdown
meta-llama/Llama-3.2-1B,SEQ:random(gptq_llmc-4b k=0.05),5.054,4.603,10.782,10.5528,10.2319,10.8737,3,sweep,recomputed_from_storage_breakdown
meta-llama/Llama-3.2-1B,SEQ:act_max(gptq_llmc-4b k=0.05),5.054,4.603,10.782,10.6867,,,1,sweep,recomputed_from_storage_breakdown
meta-llama/Llama-3.2-1B,SEQ:greedy_indep(gptq_llmc-4b k=0.05),5.054,4.603,10.782,11.2827,,,1,sweep,recomputed_from_storage_breakdown
meta-llama/Llama-3.2-1B,SEQ:greedy(gptq_llmc-4b k=0.05),5.054,4.603,10.782,66.8392,,,1,sweep,recomputed_from_storage_breakdown
meta-llama/Llama-3.2-1B,SEQ:greedy(hqq-4b k=0.05),5.304,4.603,10.979,10.2893,,,1,sweep,recomputed_from_storage_breakdown
meta-llama/Llama-3.2-1B,SEQ:greedy_indep(hqq-4b k=0.05),5.304,4.603,10.979,10.3122,,,1,sweep,recomputed_from_storage_breakdown
meta-llama/Llama-3.2-1B,SEQ:act_max(hqq-4b k=0.05),5.304,4.603,10.979,10.3287,,,1,sweep,recomputed_from_storage_breakdown
meta-llama/Llama-3.2-1B,SEQ:residual_max(hqq-4b k=0.05),5.304,4.603,10.979,10.3323,,,1,sweep,recomputed_from_storage_breakdown
meta-llama/Llama-3.2-1B,SEQ:residual_rms(hqq-4b k=0.05),5.304,4.603,10.979,10.4647,,,1,sweep,recomputed_from_storage_breakdown
meta-llama/Llama-3.2-1B,SEQ:act_scale(hqq-4b k=0.05),5.304,4.603,10.979,10.467,,,1,sweep,recomputed_from_storage_breakdown
meta-llama/Llama-3.2-1B,SEQ:random(hqq-4b k=0.05),5.304,4.603,10.979,11.0247,11.0159,11.0335,3,sweep,recomputed_from_storage_breakdown
meta-llama/Llama-3.2-1B,SEQ:act_max(hqq-5b k=0.0),5.5,5.0,8.901,10.0636,,,1,sweep,recomputed_from_storage_breakdown
meta-llama/Llama-3.2-1B,HQQ-5 uniform,5.5,5.0,8.901,10.0636,,,1,baseline,recomputed_from_storage_breakdown
meta-llama/Llama-3.2-1B,SEQ:tier_alloc(hqq-4b [budget=1.0]),5.526,4.27,8.927,10.5553,,,1,sweep,recomputed_from_storage_breakdown
meta-llama/Llama-3.2-1B,SEQ:residual_max(gptq_llmc-4b k=0.1),5.852,5.201,11.41,10.4128,,,1,sweep,recomputed_from_storage_breakdown
meta-llama/Llama-3.2-1B,SEQ:residual_rms(gptq_llmc-4b k=0.1),5.852,5.201,11.41,10.4409,,,1,sweep,recomputed_from_storage_breakdown
meta-llama/Llama-3.2-1B,SEQ:act_scale(gptq_llmc-4b k=0.1),5.852,5.201,11.41,10.4839,,,1,sweep,recomputed_from_storage_breakdown
meta-llama/Llama-3.2-1B,SEQ:random(gptq_llmc-4b k=0.1),5.852,5.201,11.41,10.4847,10.2899,10.6796,3,sweep,recomputed_from_storage_breakdown
meta-llama/Llama-3.2-1B,SEQ:act_max(gptq_llmc-4b k=0.1),5.852,5.201,11.41,10.6455,,,1,sweep,recomputed_from_storage_breakdown
meta-llama/Llama-3.2-1B,SEQ:greedy_indep(gptq_llmc-4b k=0.1),5.852,5.201,11.41,11.251,,,1,sweep,recomputed_from_storage_breakdown
meta-llama/Llama-3.2-1B,SEQ:greedy(gptq_llmc-4b k=0.1),5.852,5.201,11.41,77.9875,,,1,sweep,recomputed_from_storage_breakdown
meta-llama/Llama-3.2-1B,SEQ:greedy(hqq-4b k=0.1),6.102,5.201,11.607,10.2162,,,1,sweep,recomputed_from_storage_breakdown
meta-llama/Llama-3.2-1B,SEQ:greedy_indep(hqq-4b k=0.1),6.102,5.201,11.607,10.2386,,,1,sweep,recomputed_from_storage_breakdown
meta-llama/Llama-3.2-1B,SEQ:act_max(hqq-4b k=0.1),6.102,5.201,11.607,10.2464,,,1,sweep,recomputed_from_storage_breakdown
meta-llama/Llama-3.2-1B,SEQ:residual_max(hqq-4b k=0.1),6.102,5.201,11.607,10.25,,,1,sweep,recomputed_from_storage_breakdown
meta-llama/Llama-3.2-1B,SEQ:residual_rms(hqq-4b k=0.1),6.102,5.201,11.607,10.4002,,,1,sweep,recomputed_from_storage_breakdown
meta-llama/Llama-3.2-1B,SEQ:act_scale(hqq-4b k=0.1),6.102,5.201,11.607,10.4034,,,1,sweep,recomputed_from_storage_breakdown
meta-llama/Llama-3.2-1B,SEQ:random(hqq-4b k=0.1),6.102,5.201,11.607,10.9765,10.9426,11.0105,3,sweep,recomputed_from_storage_breakdown
meta-llama/Llama-3.2-1B,SEQ:act_max(hqq-6b k=0.0),6.5,6.0,9.901,9.8294,,,1,sweep,recomputed_from_storage_breakdown
meta-llama/Llama-3.2-1B,HQQ-6 uniform,6.5,6.0,9.901,9.8294,,,1,baseline,recomputed_from_storage_breakdown
meta-llama/Llama-3.2-1B,SEQ:tier_alloc(hqq-4b [budget=2.0]),6.557,4.535,9.958,10.4785,,,1,sweep,recomputed_from_storage_breakdown
meta-llama/Llama-3.2-1B,SEQ:residual_max(gptq_llmc-4b k=0.2),7.454,6.402,12.671,10.3555,,,1,sweep,recomputed_from_storage_breakdown
meta-llama/Llama-3.2-1B,SEQ:act_max(gptq_llmc-4b k=0.2),7.454,6.402,12.671,10.3827,,,1,sweep,recomputed_from_storage_breakdown
meta-llama/Llama-3.2-1B,SEQ:residual_rms(gptq_llmc-4b k=0.2),7.454,6.402,12.671,10.4525,,,1,sweep,recomputed_from_storage_breakdown
meta-llama/Llama-3.2-1B,SEQ:act_scale(gptq_llmc-4b k=0.2),7.454,6.402,12.671,10.4793,,,1,sweep,recomputed_from_storage_breakdown
meta-llama/Llama-3.2-1B,SEQ:random(gptq_llmc-4b k=0.2),7.454,6.402,12.671,10.508,10.3339,10.6822,3,sweep,recomputed_from_storage_breakdown
meta-llama/Llama-3.2-1B,SEQ:greedy_indep(gptq_llmc-4b k=0.2),7.454,6.402,12.671,11.3847,,,1,sweep,recomputed_from_storage_breakdown
meta-llama/Llama-3.2-1B,SEQ:greedy(gptq_llmc-4b k=0.2),7.454,6.402,12.671,64.9954,,,1,sweep,recomputed_from_storage_breakdown
meta-llama/Llama-3.2-1B,SEQ:greedy(hqq-4b k=0.2),7.704,6.402,12.868,10.1282,,,1,sweep,recomputed_from_storage_breakdown
meta-llama/Llama-3.2-1B,SEQ:greedy_indep(hqq-4b k=0.2),7.704,6.402,12.868,10.1545,,,1,sweep,recomputed_from_storage_breakdown
meta-llama/Llama-3.2-1B,SEQ:residual_max(hqq-4b k=0.2),7.704,6.402,12.868,10.1573,,,1,sweep,recomputed_from_storage_breakdown
meta-llama/Llama-3.2-1B,SEQ:act_max(hqq-4b k=0.2),7.704,6.402,12.868,10.1578,,,1,sweep,recomputed_from_storage_breakdown
meta-llama/Llama-3.2-1B,SEQ:residual_rms(hqq-4b k=0.2),7.704,6.402,12.868,10.3076,,,1,sweep,recomputed_from_storage_breakdown
meta-llama/Llama-3.2-1B,SEQ:act_scale(hqq-4b k=0.2),7.704,6.402,12.868,10.3091,,,1,sweep,recomputed_from_storage_breakdown
meta-llama/Llama-3.2-1B,SEQ:random(hqq-4b k=0.2),7.704,6.402,12.868,10.8843,10.8357,10.933,3,sweep,recomputed_from_storage_breakdown
meta-llama/Llama-3.2-1B,SEQ:act_max(hqq-8b k=0.0),8.5,8.0,11.901,9.7618,,,1,sweep,recomputed_from_storage_breakdown
meta-llama/Llama-3.2-1B,HQQ-8 uniform,8.5,8.0,11.901,9.7618,,,1,baseline,recomputed_from_storage_breakdown
meta-llama/Llama-3.2-1B,FP16,16.0,16.0,,9.7572,,,1,baseline,declared_external
meta-llama/Llama-3.2-3B,GPTQ-4 g128,4.0,4.0,,8.2715,,,1,baseline,declared_external
meta-llama/Llama-3.2-3B,AWQ-4 g128,4.0,4.0,,8.4092,,,1,baseline,declared_external
meta-llama/Llama-3.2-3B,RTN-4 g128,4.0,4.0,,8.4967,,,1,baseline,declared_external
meta-llama/Llama-3.2-3B,SEQ:residual_max(gptq_llmc-4b k=0.0),4.25,4.0,7.654,8.1715,,,1,sweep,recomputed_from_storage_breakdown
meta-llama/Llama-3.2-3B,SEQ:residual_max(hqq-4b k=0.0),4.5,4.0,7.873,8.3278,,,1,sweep,recomputed_from_storage_breakdown
meta-llama/Llama-3.2-3B,HQQ-4 uniform,4.5,4.0,7.873,8.3278,,,1,baseline,recomputed_from_storage_breakdown
meta-llama/Llama-3.2-3B,SEQ:residual_max(gptq_llmc-4b k=0.02),4.572,4.242,7.937,8.0998,,,1,sweep,recomputed_from_storage_breakdown
meta-llama/Llama-3.2-3B,SEQ:residual_rms(gptq_llmc-4b k=0.02),4.572,4.242,7.937,8.1455,,,1,sweep,recomputed_from_storage_breakdown
meta-llama/Llama-3.2-3B,SEQ:random(gptq_llmc-4b k=0.02),4.572,4.242,7.937,8.1702,8.1432,8.1972,3,sweep,recomputed_from_storage_breakdown
meta-llama/Llama-3.2-3B,SEQ:act_max(gptq_llmc-4b k=0.02),4.572,4.242,7.937,8.1813,,,1,sweep,recomputed_from_storage_breakdown
meta-llama/Llama-3.2-3B,SEQ:act_scale(gptq_llmc-4b k=0.02),4.572,4.242,7.937,8.5861,,,1,sweep,recomputed_from_storage_breakdown
meta-llama/Llama-3.2-3B,SEQ:greedy_indep(gptq_llmc-4b k=0.02),4.572,4.242,7.937,41.5019,,,1,sweep,recomputed_from_storage_breakdown
meta-llama/Llama-3.2-3B,SEQ:greedy(gptq_llmc-4b k=0.02),4.572,4.242,7.937,51.6831,,,1,sweep,recomputed_from_storage_breakdown
meta-llama/Llama-3.2-3B,SEQ:greedy(hqq-4b k=0.02),4.822,4.242,8.156,8.1005,,,1,sweep,recomputed_from_storage_breakdown
meta-llama/Llama-3.2-3B,SEQ:greedy_indep(hqq-4b k=0.02),4.822,4.242,8.156,8.1015,,,1,sweep,recomputed_from_storage_breakdown
meta-llama/Llama-3.2-3B,SEQ:act_max(hqq-4b k=0.02),4.822,4.242,8.156,8.1083,,,1,sweep,recomputed_from_storage_breakdown
meta-llama/Llama-3.2-3B,SEQ:residual_max(hqq-4b k=0.02),4.822,4.242,8.156,8.1099,,,1,sweep,recomputed_from_storage_breakdown
meta-llama/Llama-3.2-3B,SEQ:residual_rms(hqq-4b k=0.02),4.822,4.242,8.156,8.1412,,,1,sweep,recomputed_from_storage_breakdown
meta-llama/Llama-3.2-3B,SEQ:act_scale(hqq-4b k=0.02),4.822,4.242,8.156,8.1461,,,1,sweep,recomputed_from_storage_breakdown
meta-llama/Llama-3.2-3B,SEQ:random(hqq-4b k=0.02),4.822,4.242,8.156,8.3181,8.3115,8.3246,3,sweep,recomputed_from_storage_breakdown
meta-llama/Llama-3.2-3B,SEQ:residual_max(gptq_llmc-4b k=0.05),5.052,4.601,8.357,8.0998,,,1,sweep,recomputed_from_storage_breakdown
meta-llama/Llama-3.2-3B,SEQ:residual_rms(gptq_llmc-4b k=0.05),5.052,4.601,8.357,8.153,,,1,sweep,recomputed_from_storage_breakdown
meta-llama/Llama-3.2-3B,SEQ:act_max(gptq_llmc-4b k=0.05),5.052,4.601,8.357,8.1731,,,1,sweep,recomputed_from_storage_breakdown
meta-llama/Llama-3.2-3B,SEQ:random(gptq_llmc-4b k=0.05),5.052,4.601,8.357,8.1931,8.0913,8.295,3,sweep,recomputed_from_storage_breakdown
meta-llama/Llama-3.2-3B,SEQ:act_scale(gptq_llmc-4b k=0.05),5.052,4.601,8.357,8.2044,,,1,sweep,recomputed_from_storage_breakdown
meta-llama/Llama-3.2-3B,SEQ:greedy_indep(gptq_llmc-4b k=0.05),5.052,4.601,8.357,43.2959,,,1,sweep,recomputed_from_storage_breakdown
meta-llama/Llama-3.2-3B,SEQ:greedy(gptq_llmc-4b k=0.05),5.052,4.601,8.357,55.047,,,1,sweep,recomputed_from_storage_breakdown
meta-llama/Llama-3.2-3B,SEQ:greedy(hqq-4b k=0.05),5.302,4.601,8.577,8.0636,,,1,sweep,recomputed_from_storage_breakdown
meta-llama/Llama-3.2-3B,SEQ:greedy_indep(hqq-4b k=0.05),5.302,4.601,8.577,8.0636,,,1,sweep,recomputed_from_storage_breakdown
meta-llama/Llama-3.2-3B,SEQ:act_max(hqq-4b k=0.05),5.302,4.601,8.577,8.0755,,,1,sweep,recomputed_from_storage_breakdown
meta-llama/Llama-3.2-3B,SEQ:residual_max(hqq-4b k=0.05),5.302,4.601,8.577,8.0781,,,1,sweep,recomputed_from_storage_breakdown
meta-llama/Llama-3.2-3B,SEQ:residual_rms(hqq-4b k=0.05),5.302,4.601,8.577,8.1105,,,1,sweep,recomputed_from_storage_breakdown
meta-llama/Llama-3.2-3B,SEQ:act_scale(hqq-4b k=0.05),5.302,4.601,8.577,8.1141,,,1,sweep,recomputed_from_storage_breakdown
meta-llama/Llama-3.2-3B,SEQ:random(hqq-4b k=0.05),5.302,4.601,8.577,8.3044,8.297,8.3118,3,sweep,recomputed_from_storage_breakdown
meta-llama/Llama-3.2-3B,SEQ:act_max(hqq-5b k=0.0),5.5,5.0,7.463,7.9565,,,1,sweep,recomputed_from_storage_breakdown
meta-llama/Llama-3.2-3B,HQQ-5 uniform,5.5,5.0,7.463,7.9565,,,1,baseline,recomputed_from_storage_breakdown
meta-llama/Llama-3.2-3B,SEQ:residual_max(gptq_llmc-4b k=0.1),5.854,5.203,9.061,8.1008,,,1,sweep,recomputed_from_storage_breakdown
meta-llama/Llama-3.2-3B,SEQ:act_max(gptq_llmc-4b k=0.1),5.854,5.203,9.061,8.1359,,,1,sweep,recomputed_from_storage_breakdown
meta-llama/Llama-3.2-3B,SEQ:residual_rms(gptq_llmc-4b k=0.1),5.854,5.203,9.061,8.1601,,,1,sweep,recomputed_from_storage_breakdown
meta-llama/Llama-3.2-3B,SEQ:act_scale(gptq_llmc-4b k=0.1),5.854,5.203,9.061,8.1865,,,1,sweep,recomputed_from_storage_breakdown
meta-llama/Llama-3.2-3B,SEQ:random(gptq_llmc-4b k=0.1),5.854,5.203,9.061,8.4638,7.2067,9.7209,3,sweep,recomputed_from_storage_breakdown
meta-llama/Llama-3.2-3B,SEQ:greedy(gptq_llmc-4b k=0.1),5.854,5.203,9.061,38.3845,,,1,sweep,recomputed_from_storage_breakdown
meta-llama/Llama-3.2-3B,SEQ:greedy_indep(gptq_llmc-4b k=0.1),5.854,5.203,9.061,44.8286,,,1,sweep,recomputed_from_storage_breakdown
meta-llama/Llama-3.2-3B,SEQ:greedy(hqq-4b k=0.1),6.104,5.203,9.28,8.0308,,,1,sweep,recomputed_from_storage_breakdown
meta-llama/Llama-3.2-3B,SEQ:greedy_indep(hqq-4b k=0.1),6.104,5.203,9.28,8.0353,,,1,sweep,recomputed_from_storage_breakdown
meta-llama/Llama-3.2-3B,SEQ:act_max(hqq-4b k=0.1),6.104,5.203,9.28,8.0448,,,1,sweep,recomputed_from_storage_breakdown
meta-llama/Llama-3.2-3B,SEQ:residual_max(hqq-4b k=0.1),6.104,5.203,9.28,8.047,,,1,sweep,recomputed_from_storage_breakdown
meta-llama/Llama-3.2-3B,SEQ:residual_rms(hqq-4b k=0.1),6.104,5.203,9.28,8.0869,,,1,sweep,recomputed_from_storage_breakdown
meta-llama/Llama-3.2-3B,SEQ:act_scale(hqq-4b k=0.1),6.104,5.203,9.28,8.09,,,1,sweep,recomputed_from_storage_breakdown
meta-llama/Llama-3.2-3B,SEQ:random(hqq-4b k=0.1),6.104,5.203,9.28,8.2808,8.2753,8.2864,3,sweep,recomputed_from_storage_breakdown
meta-llama/Llama-3.2-3B,SEQ:act_max(hqq-6b k=0.0),6.5,6.0,8.463,7.8448,,,1,sweep,recomputed_from_storage_breakdown
meta-llama/Llama-3.2-3B,HQQ-6 uniform,6.5,6.0,8.463,7.8448,,,1,baseline,recomputed_from_storage_breakdown
meta-llama/Llama-3.2-3B,SEQ:residual_max(gptq_llmc-4b k=0.2),7.453,6.402,10.464,8.0752,,,1,sweep,recomputed_from_storage_breakdown
meta-llama/Llama-3.2-3B,SEQ:act_max(gptq_llmc-4b k=0.2),7.453,6.402,10.464,8.1015,,,1,sweep,recomputed_from_storage_breakdown
meta-llama/Llama-3.2-3B,SEQ:residual_rms(gptq_llmc-4b k=0.2),7.453,6.402,10.464,8.139,,,1,sweep,recomputed_from_storage_breakdown
meta-llama/Llama-3.2-3B,SEQ:act_scale(gptq_llmc-4b k=0.2),7.453,6.402,10.464,8.154,,,1,sweep,recomputed_from_storage_breakdown
meta-llama/Llama-3.2-3B,SEQ:random(gptq_llmc-4b k=0.2),7.453,6.402,10.464,8.3361,7.8991,8.7731,3,sweep,recomputed_from_storage_breakdown
meta-llama/Llama-3.2-3B,SEQ:greedy(gptq_llmc-4b k=0.2),7.453,6.402,10.464,40.6517,,,1,sweep,recomputed_from_storage_breakdown
meta-llama/Llama-3.2-3B,SEQ:greedy_indep(gptq_llmc-4b k=0.2),7.453,6.402,10.464,43.0394,,,1,sweep,recomputed_from_storage_breakdown
meta-llama/Llama-3.2-3B,SEQ:greedy(hqq-4b k=0.2),7.703,6.402,10.684,7.9942,,,1,sweep,recomputed_from_storage_breakdown
meta-llama/Llama-3.2-3B,SEQ:greedy_indep(hqq-4b k=0.2),7.703,6.402,10.684,8.0017,,,1,sweep,recomputed_from_storage_breakdown
meta-llama/Llama-3.2-3B,SEQ:residual_max(hqq-4b k=0.2),7.703,6.402,10.684,8.0065,,,1,sweep,recomputed_from_storage_breakdown
meta-llama/Llama-3.2-3B,SEQ:act_max(hqq-4b k=0.2),7.703,6.402,10.684,8.0072,,,1,sweep,recomputed_from_storage_breakdown
meta-llama/Llama-3.2-3B,SEQ:residual_rms(hqq-4b k=0.2),7.703,6.402,10.684,8.0402,,,1,sweep,recomputed_from_storage_breakdown
meta-llama/Llama-3.2-3B,SEQ:act_scale(hqq-4b k=0.2),7.703,6.402,10.684,8.0457,,,1,sweep,recomputed_from_storage_breakdown
meta-llama/Llama-3.2-3B,SEQ:random(hqq-4b k=0.2),7.703,6.402,10.684,8.1981,7.9832,8.413,3,sweep,recomputed_from_storage_breakdown
meta-llama/Llama-3.2-3B,SEQ:act_max(hqq-8b k=0.0),8.5,8.0,10.463,7.8197,,,1,sweep,recomputed_from_storage_breakdown
meta-llama/Llama-3.2-3B,HQQ-8 uniform,8.5,8.0,10.463,7.8197,,,1,baseline,recomputed_from_storage_breakdown
meta-llama/Llama-3.2-3B,FP16,16.0,16.0,,7.8167,,,1,baseline,declared_external
Qwen/Qwen2.5-3B,GPTQ-4 g128,4.0,4.0,,8.2909,,,1,baseline,declared_external
Qwen/Qwen2.5-3B,SEQ:residual_max(gptq_llmc-4b k=0.0),4.25,4.0,7.049,8.29,,,1,sweep,recomputed_from_storage_breakdown
Qwen/Qwen2.5-3B,SEQ:residual_max(hqq-4b k=0.0),4.5,4.0,7.274,8.6656,,,1,sweep,recomputed_from_storage_breakdown
Qwen/Qwen2.5-3B,HQQ-4 uniform,4.5,4.0,7.274,8.6656,,,1,baseline,recomputed_from_storage_breakdown
Qwen/Qwen2.5-3B,SEQ:random(gptq_llmc-4b k=0.02),4.571,4.24,7.337,8.2919,8.2749,8.3088,3,sweep,recomputed_from_storage_breakdown
Qwen/Qwen2.5-3B,SEQ:greedy(gptq_llmc-4b k=0.02),4.571,4.24,7.337,8.3347,,,1,sweep,recomputed_from_storage_breakdown
Qwen/Qwen2.5-3B,SEQ:residual_rms(gptq_llmc-4b k=0.02),4.571,4.24,7.337,8.3391,,,1,sweep,recomputed_from_storage_breakdown
Qwen/Qwen2.5-3B,SEQ:residual_max(gptq_llmc-4b k=0.02),4.571,4.24,7.337,8.3505,,,1,sweep,recomputed_from_storage_breakdown
Qwen/Qwen2.5-3B,SEQ:greedy_indep(gptq_llmc-4b k=0.02),4.571,4.24,7.337,8.3571,,,1,sweep,recomputed_from_storage_breakdown
Qwen/Qwen2.5-3B,SEQ:act_max(gptq_llmc-4b k=0.02),4.571,4.24,7.337,8.3657,,,1,sweep,recomputed_from_storage_breakdown
Qwen/Qwen2.5-3B,SEQ:act_scale(gptq_llmc-4b k=0.02),4.571,4.24,7.337,8.3725,,,1,sweep,recomputed_from_storage_breakdown
Qwen/Qwen2.5-3B,SEQ:greedy_indep(hqq-4b k=0.02),4.821,4.24,7.562,8.2717,,,1,sweep,recomputed_from_storage_breakdown
Qwen/Qwen2.5-3B,SEQ:greedy(hqq-4b k=0.02),4.821,4.24,7.562,8.2738,,,1,sweep,recomputed_from_storage_breakdown
Qwen/Qwen2.5-3B,SEQ:residual_rms(hqq-4b k=0.02),4.821,4.24,7.562,8.2791,,,1,sweep,recomputed_from_storage_breakdown
Qwen/Qwen2.5-3B,SEQ:act_max(hqq-4b k=0.02),4.821,4.24,7.562,8.2858,,,1,sweep,recomputed_from_storage_breakdown
Qwen/Qwen2.5-3B,SEQ:residual_max(hqq-4b k=0.02),4.821,4.24,7.562,8.287,,,1,sweep,recomputed_from_storage_breakdown
Qwen/Qwen2.5-3B,SEQ:act_scale(hqq-4b k=0.02),4.821,4.24,7.562,8.3,,,1,sweep,recomputed_from_storage_breakdown
Qwen/Qwen2.5-3B,SEQ:random(hqq-4b k=0.02),4.821,4.24,7.562,8.6538,8.6405,8.6671,3,sweep,recomputed_from_storage_breakdown
Qwen/Qwen2.5-3B,SEQ:random(gptq_llmc-4b k=0.05),5.054,4.603,7.772,8.3022,8.2531,8.3512,3,sweep,recomputed_from_storage_breakdown
Qwen/Qwen2.5-3B,SEQ:residual_rms(gptq_llmc-4b k=0.05),5.054,4.603,7.772,8.326,,,1,sweep,recomputed_from_storage_breakdown
Qwen/Qwen2.5-3B,SEQ:residual_max(gptq_llmc-4b k=0.05),5.054,4.603,7.772,8.3317,,,1,sweep,recomputed_from_storage_breakdown
Qwen/Qwen2.5-3B,SEQ:act_max(gptq_llmc-4b k=0.05),5.054,4.603,7.772,8.3518,,,1,sweep,recomputed_from_storage_breakdown
Qwen/Qwen2.5-3B,SEQ:greedy(gptq_llmc-4b k=0.05),5.054,4.603,7.772,8.3536,,,1,sweep,recomputed_from_storage_breakdown
Qwen/Qwen2.5-3B,SEQ:act_scale(gptq_llmc-4b k=0.05),5.054,4.603,7.772,8.3569,,,1,sweep,recomputed_from_storage_breakdown
Qwen/Qwen2.5-3B,SEQ:greedy_indep(gptq_llmc-4b k=0.05),5.054,4.603,7.772,8.3698,,,1,sweep,recomputed_from_storage_breakdown
Qwen/Qwen2.5-3B,SEQ:greedy(hqq-4b k=0.05),5.304,4.603,7.997,8.2448,,,1,sweep,recomputed_from_storage_breakdown
Qwen/Qwen2.5-3B,SEQ:greedy_indep(hqq-4b k=0.05),5.304,4.603,7.997,8.246,,,1,sweep,recomputed_from_storage_breakdown
Qwen/Qwen2.5-3B,SEQ:residual_rms(hqq-4b k=0.05),5.304,4.603,7.997,8.2612,,,1,sweep,recomputed_from_storage_breakdown
Qwen/Qwen2.5-3B,SEQ:residual_max(hqq-4b k=0.05),5.304,4.603,7.997,8.2628,,,1,sweep,recomputed_from_storage_breakdown
Qwen/Qwen2.5-3B,SEQ:act_max(hqq-4b k=0.05),5.304,4.603,7.997,8.2672,,,1,sweep,recomputed_from_storage_breakdown
Qwen/Qwen2.5-3B,SEQ:act_scale(hqq-4b k=0.05),5.304,4.603,7.997,8.2813,,,1,sweep,recomputed_from_storage_breakdown
Qwen/Qwen2.5-3B,SEQ:random(hqq-4b k=0.05),5.304,4.603,7.997,8.6453,8.6219,8.6686,3,sweep,recomputed_from_storage_breakdown
Qwen/Qwen2.5-3B,SEQ:act_max(hqq-5b k=0.0),5.5,5.0,7.114,8.2408,,,1,sweep,recomputed_from_storage_breakdown
Qwen/Qwen2.5-3B,HQQ-5 uniform,5.5,5.0,7.114,8.2408,,,1,baseline,recomputed_from_storage_breakdown
Qwen/Qwen2.5-3B,SEQ:residual_max(gptq_llmc-4b k=0.1),5.852,5.201,8.489,8.2963,,,1,sweep,recomputed_from_storage_breakdown
Qwen/Qwen2.5-3B,SEQ:residual_rms(gptq_llmc-4b k=0.1),5.852,5.201,8.489,8.3072,,,1,sweep,recomputed_from_storage_breakdown
Qwen/Qwen2.5-3B,SEQ:act_max(gptq_llmc-4b k=0.1),5.852,5.201,8.489,8.3198,,,1,sweep,recomputed_from_storage_breakdown
Qwen/Qwen2.5-3B,SEQ:act_scale(gptq_llmc-4b k=0.1),5.852,5.201,8.489,8.32,,,1,sweep,recomputed_from_storage_breakdown
Qwen/Qwen2.5-3B,SEQ:random(gptq_llmc-4b k=0.1),5.852,5.201,8.489,8.3403,8.3067,8.3739,3,sweep,recomputed_from_storage_breakdown
Qwen/Qwen2.5-3B,SEQ:greedy(gptq_llmc-4b k=0.1),5.852,5.201,8.489,8.3418,,,1,sweep,recomputed_from_storage_breakdown
Qwen/Qwen2.5-3B,SEQ:greedy_indep(gptq_llmc-4b k=0.1),5.852,5.201,8.489,8.3643,,,1,sweep,recomputed_from_storage_breakdown
Qwen/Qwen2.5-3B,SEQ:greedy(hqq-4b k=0.1),6.102,5.201,8.714,8.217,,,1,sweep,recomputed_from_storage_breakdown
Qwen/Qwen2.5-3B,SEQ:greedy_indep(hqq-4b k=0.1),6.102,5.201,8.714,8.2196,,,1,sweep,recomputed_from_storage_breakdown
Qwen/Qwen2.5-3B,SEQ:residual_rms(hqq-4b k=0.1),6.102,5.201,8.714,8.2381,,,1,sweep,recomputed_from_storage_breakdown
Qwen/Qwen2.5-3B,SEQ:act_max(hqq-4b k=0.1),6.102,5.201,8.714,8.2392,,,1,sweep,recomputed_from_storage_breakdown
Qwen/Qwen2.5-3B,SEQ:residual_max(hqq-4b k=0.1),6.102,5.201,8.714,8.2393,,,1,sweep,recomputed_from_storage_breakdown
Qwen/Qwen2.5-3B,SEQ:act_scale(hqq-4b k=0.1),6.102,5.201,8.714,8.2411,,,1,sweep,recomputed_from_storage_breakdown
Qwen/Qwen2.5-3B,SEQ:random(hqq-4b k=0.1),6.102,5.201,8.714,8.6174,8.6132,8.6217,3,sweep,recomputed_from_storage_breakdown
Qwen/Qwen2.5-3B,SEQ:act_max(hqq-6b k=0.0),6.5,6.0,8.114,8.0803,,,1,sweep,recomputed_from_storage_breakdown
Qwen/Qwen2.5-3B,HQQ-6 uniform,6.5,6.0,8.114,8.0803,,,1,baseline,recomputed_from_storage_breakdown
Qwen/Qwen2.5-3B,SEQ:residual_max(gptq_llmc-4b k=0.2),7.453,6.402,9.929,8.2626,,,1,sweep,recomputed_from_storage_breakdown
Qwen/Qwen2.5-3B,SEQ:act_max(gptq_llmc-4b k=0.2),7.453,6.402,9.929,8.2818,,,1,sweep,recomputed_from_storage_breakdown
Qwen/Qwen2.5-3B,SEQ:act_scale(gptq_llmc-4b k=0.2),7.453,6.402,9.929,8.2865,,,1,sweep,recomputed_from_storage_breakdown
Qwen/Qwen2.5-3B,SEQ:residual_rms(gptq_llmc-4b k=0.2),7.453,6.402,9.929,8.2867,,,1,sweep,recomputed_from_storage_breakdown
Qwen/Qwen2.5-3B,SEQ:greedy(gptq_llmc-4b k=0.2),7.453,6.402,9.929,8.3249,,,1,sweep,recomputed_from_storage_breakdown
Qwen/Qwen2.5-3B,SEQ:greedy_indep(gptq_llmc-4b k=0.2),7.453,6.402,9.929,8.363,,,1,sweep,recomputed_from_storage_breakdown
Qwen/Qwen2.5-3B,SEQ:random(gptq_llmc-4b k=0.2),7.453,6.402,9.929,8.366,8.2615,8.4706,3,sweep,recomputed_from_storage_breakdown
Qwen/Qwen2.5-3B,SEQ:greedy(hqq-4b k=0.2),7.703,6.402,10.154,8.1873,,,1,sweep,recomputed_from_storage_breakdown
Qwen/Qwen2.5-3B,SEQ:greedy_indep(hqq-4b k=0.2),7.703,6.402,10.154,8.1915,,,1,sweep,recomputed_from_storage_breakdown
Qwen/Qwen2.5-3B,SEQ:residual_max(hqq-4b k=0.2),7.703,6.402,10.154,8.1991,,,1,sweep,recomputed_from_storage_breakdown
Qwen/Qwen2.5-3B,SEQ:act_max(hqq-4b k=0.2),7.703,6.402,10.154,8.1998,,,1,sweep,recomputed_from_storage_breakdown
Qwen/Qwen2.5-3B,SEQ:act_scale(hqq-4b k=0.2),7.703,6.402,10.154,8.2077,,,1,sweep,recomputed_from_storage_breakdown
Qwen/Qwen2.5-3B,SEQ:residual_rms(hqq-4b k=0.2),7.703,6.402,10.154,8.2103,,,1,sweep,recomputed_from_storage_breakdown
Qwen/Qwen2.5-3B,SEQ:random(hqq-4b k=0.2),7.703,6.402,10.154,8.5262,8.4037,8.6487,3,sweep,recomputed_from_storage_breakdown
Qwen/Qwen2.5-3B,SEQ:act_max(hqq-8b k=0.0),8.5,8.0,10.114,8.0356,,,1,sweep,recomputed_from_storage_breakdown
Qwen/Qwen2.5-3B,HQQ-8 uniform,8.5,8.0,10.114,8.0356,,,1,baseline,recomputed_from_storage_breakdown
Qwen/Qwen2.5-3B,FP16,16.0,16.0,,8.0304,,,1,baseline,declared_external
Qwen/Qwen3-4B-Base,GPTQ-4 g128,4.0,4.0,,8.1344,,,1,baseline,declared_external
meta-llama/Llama-2-7b-hf,GPTQ-4 g128,4.0,4.0,,5.5896,,,1,baseline,declared_external
mistralai/Mistral-7B-v0.3,GPTQ-4 g128,4.0,4.0,,5.4819,,,1,baseline,declared_external
